month,day,full_moon_years
1,1,"[1915, 1961, 2048, 2094, 2124, 2143, 2162, 2181, 2200]"
1,2,"[1942, 1980, 1999, 2018, 2037, 2056, 2075, 2113, 2132, 2170, 2189]"
1,3,"[1904, 1923, 1969, 2007, 2026, 2045, 2121, 2151]"
1,4,"[1912, 1931, 1950, 1988, 2034, 2053, 2064, 2083, 2102, 2140, 2159, 2178, 2197]"
1,5,"[1901, 1920, 1939, 1958, 1977, 1996, 2015, 2072, 2091, 2129, 2148, 2167, 2186]"
1,6,"[1909, 2023, 2042, 2061, 2110, 2194]"
1,7,"[1928, 1947, 1966, 1985, 2004, 2069, 2080, 2099, 2118, 2137, 2156, 2175]"
1,8,"[1917, 1936, 1955, 1974, 1993, 2031, 2050, 2088, 2183]"
1,9,"[1963, 1982, 2001, 2012, 2058, 2077, 2096, 2107, 2126, 2145, 2164]"
1,10,"[1906, 1925, 1944, 2020, 2039, 2085, 2115, 2134, 2153, 2191]"
1,11,"[1933, 1971, 1990, 2009, 2066, 2172]"
1,12,"[1914, 1952, 1998, 2017, 2028, 2047, 2093, 2104, 2123, 2142, 2161, 2180, 2199]"
1,13,"[1903, 1922, 1941, 1960, 1979, 2025, 2036, 2055, 2074, 2131, 2150, 2169]"
1,14,"[1911, 1930, 1949, 2006, 2044, 2063, 2082, 2112, 2158, 2177, 2188]"
1,15,"[1900, 1968, 1987, 2033, 2101, 2120, 2139, 2196]"
1,16,"[1919, 1938, 1957, 1995, 2014, 2052, 2071, 2090, 2147, 2166, 2185]"
1,17,"[1927, 1946, 1965, 1976, 2022, 2041, 2060, 2079, 2098, 2109, 2128, 2193]"
1,18,"[1908, 1973, 1984, 2003, 2087, 2117, 2155, 2174]"
1,19,"[1935, 1954, 1992, 2011, 2030, 2049, 2068, 2106, 2125, 2136, 2182]"
1,20,"[1916, 1962, 1981, 2057, 2095, 2144, 2163]"
1,21,"[1905, 1943, 1989, 2000, 2019, 2038, 2076, 2114, 2133, 2190]"
1,22,"[1913, 1924, 1970, 2008, 2027, 2046, 2065, 2084, 2122, 2141, 2152, 2171]"
1,23,"[1921, 1932, 1951, 1997, 2035, 2054, 2073, 2103, 2149, 2160, 2179, 2198]"
1,24,"[1902, 1940, 1959, 1978, 2016, 2092, 2130, 2168, 2187]"
1,25,"[1910, 1929, 2005, 2024, 2043, 2062, 2081, 2111, 2157]"
1,26,"[1937, 1948, 1967, 1986, 2051, 2070, 2089, 2100, 2119, 2138, 2176, 2195]"
1,27,"[1918, 1956, 1975, 1994, 2013, 2032, 2097, 2146, 2165, 2184]"
1,28,"[1926, 1945, 1964, 1983, 2002, 2021, 2059, 2078, 2108, 2127]"
1,29,"[1907, 1953, 2040, 2086, 2116, 2135, 2154, 2173, 2192]"
1,30,"[1934, 1972, 1991, 2010, 2029, 2067, 2105, 2181]"
1,31,"[1915, 1961, 1999, 2018, 2037, 2048, 2094, 2113, 2124, 2143, 2162, 2200]"
2,1,"[1904, 1923, 1942, 1980, 2026, 2045, 2056, 2075, 2132, 2151, 2170, 2189]"
2,2,"[1912, 1950, 1969, 1988, 2007, 2064, 2083, 2121, 2159, 2178, 2197]"
2,3,"[1901, 1931, 2015, 2034, 2053, 2102, 2140]"
2,4,"[1920, 1939, 1958, 1977, 1996, 2061, 2072, 2091, 2110, 2129, 2148, 2167, 2186]"
2,5,"[1909, 1928, 1947, 1966, 1985, 2023, 2042, 2080, 2099, 2175, 2194]"
2,6,"[1974, 1993, 2004, 2050, 2069, 2088, 2118, 2137, 2156]"
2,7,"[1917, 1936, 1955, 2012, 2031, 2077, 2107, 2126, 2145, 2183]"
2,8,"[1925, 1963, 1982, 2001, 2058, 2096, 2164]"
2,9,"[1906, 1944, 1990, 2009, 2020, 2039, 2085, 2115, 2134, 2153, 2172, 2191]"
2,10,"[1914, 1933, 1971, 2028, 2047, 2066, 2123, 2142, 2161]"
2,11,"[1952, 1998, 2017, 2036, 2055, 2074, 2093, 2104, 2150, 2169, 2180, 2199]"
2,12,"[1903, 1922, 1941, 1960, 1979, 2025, 2112, 2131, 2188]"
2,13,"[1911, 1930, 1949, 1987, 2006, 2044, 2063, 2082, 2139, 2158, 2177]"
2,14,"[1900, 1919, 1938, 1957, 1968, 2014, 2033, 2052, 2071, 2090, 2101, 2120, 2185, 2196]"
2,15,"[1976, 1995, 2079, 2098, 2109, 2147, 2166]"
2,16,"[1927, 1946, 1965, 2003, 2022, 2041, 2060, 2117, 2128, 2174, 2193]"
2,17,"[1908, 1954, 1973, 1984, 2049, 2087, 2136, 2155]"
2,18,"[1935, 1981, 1992, 2011, 2030, 2068, 2106, 2125, 2182]"
2,19,"[1905, 1916, 1962, 2000, 2019, 2038, 2057, 2076, 2095, 2114, 2133, 2144, 2163]"
2,20,"[1924, 1943, 1989, 2027, 2046, 2065, 2141, 2152, 2171, 2190]"
2,21,"[1913, 1951, 1970, 2008, 2084, 2122, 2160, 2179, 2198]"
2,22,"[1902, 1921, 1932, 1997, 2016, 2035, 2054, 2073, 2103, 2149]"
2,23,"[1929, 1940, 1959, 1978, 2043, 2062, 2081, 2092, 2111, 2130, 2168, 2187]"
2,24,"[1910, 1948, 1967, 1986, 2005, 2024, 2089, 2100, 2138, 2157, 2176, 2195]"
2,25,"[1918, 1937, 2013, 2051, 2070, 2119]"
2,26,"[1956, 1975, 1994, 2032, 2078, 2097, 2108, 2127, 2146, 2165, 2184]"
2,27,"[1926, 1945, 1964, 1983, 2002, 2021, 2059, 2173]"
2,28,"[1907, 1953, 1991, 2010, 2029, 2040, 2086, 2105, 2116, 2135, 2154, 2192]"
2,29,"[1972, 2048, 2124]"
3,1,"[1915, 1934, 1980, 2067, 2143, 2162, 2181, 2200]"
3,2,"[1904, 1961, 1999, 2018, 2037, 2056, 2075, 2094, 2113, 2132, 2151, 2170, 2189]"
3,3,"[1912, 1923, 1942, 1988, 2007, 2026, 2045, 2064, 2140]"
3,4,"[1920, 1931, 1950, 1969, 2053, 2072, 2083, 2121, 2159, 2178, 2197]"
3,5,"[1901, 1939, 1958, 1977, 1996, 2015, 2034, 2080, 2091, 2102, 2148, 2167, 2186]"
3,6,"[1928, 2004, 2042, 2061, 2099, 2110, 2129]"
3,7,"[1909, 1947, 1966, 1985, 2023, 2069, 2088, 2118, 2137, 2156, 2175, 2194]"
3,8,"[1917, 1936, 1955, 1974, 1993, 2012, 2050, 2164]"
3,9,"[1982, 2001, 2020, 2031, 2077, 2096, 2107, 2126, 2145, 2183]"
3,10,"[1906, 1925, 1944, 1963, 2039, 2058, 2115, 2134, 2153, 2172]"
3,11,"[1952, 1990, 2009, 2028, 2066, 2085, 2104, 2142, 2161, 2180, 2191]"
3,12,"[1914, 1933, 1971, 2017, 2036, 2047, 2123, 2199]"
3,13,"[1903, 1922, 1941, 1960, 1979, 1998, 2044, 2055, 2074, 2093, 2112, 2131, 2150, 2169, 2188]"
3,14,"[1911, 1930, 1949, 1968, 2006, 2025, 2063, 2082, 2177, 2196]"
3,15,"[1987, 2052, 2090, 2101, 2120, 2139, 2158]"
3,16,"[1900, 1919, 1938, 1957, 1976, 2014, 2033, 2071, 2128, 2166, 2185]"
3,17,"[1946, 1965, 1984, 1995, 2041, 2060, 2079, 2098, 2109, 2147, 2193]"
3,18,"[1908, 1927, 1973, 1992, 2003, 2022, 2068, 2117, 2136, 2174]"
3,19,"[1916, 1954, 2011, 2030, 2049, 2087, 2106, 2125, 2144, 2155]"
3,20,"[1935, 1981, 2000, 2076, 2152, 2163, 2182]"
3,21,"[1905, 1924, 1943, 1962, 2008, 2019, 2038, 2057, 2095, 2114, 2133, 2171, 2190]"
3,22,"[1913, 1932, 1989, 2027, 2046, 2065, 2084, 2141, 2160]"
3,23,"[1921, 1940, 1951, 1970, 2016, 2035, 2054, 2073, 2092, 2103, 2122, 2168, 2179, 2198]"
3,24,"[1902, 1959, 1978, 1997, 2130, 2149, 2187]"
3,25,"[1910, 1929, 1948, 2005, 2024, 2043, 2062, 2081, 2111, 2176, 2195]"
3,26,"[1937, 1956, 1967, 1986, 2070, 2089, 2100, 2119, 2138, 2157]"
3,27,"[1918, 1975, 1994, 2013, 2032, 2051, 2097, 2108, 2165, 2184]"
3,28,"[1945, 1964, 1983, 2002, 2021, 2040, 2078, 2116, 2127, 2146, 2192]"
3,29,"[1907, 1926, 1972, 2059, 2135, 2154, 2173]"
3,30,"[1953, 1991, 2010, 2029, 2048, 2067, 2086, 2105, 2124, 2143, 2162, 2181]"
3,31,"[1904, 1915, 1934, 1980, 1999, 2018, 2037, 2056, 2132, 2200]"
4,1,"[1912, 1923, 1942, 1961, 2045, 2064, 2075, 2094, 2113, 2151, 2170, 2189]"
4,2,"[1931, 1950, 1969, 1988, 2007, 2026, 2083, 2140, 2159, 2178, 2197]"
4,3,"[1920, 2034, 2053, 2072, 2102, 2121]"
4,4,"[1901, 1939, 1958, 1977, 1996, 2015, 2061, 2080, 2091, 2129, 2148, 2167, 2186]"
4,5,"[1909, 1928, 1947, 1966, 1985, 2004, 2042, 2099, 2110, 2156, 2194]"
4,6,"[1936, 1974, 1993, 2012, 2023, 2069, 2088, 2118, 2137, 2175]"
4,7,"[1917, 1955, 2031, 2050, 2096, 2107, 2126, 2145, 2164]"
4,8,"[1944, 1982, 2001, 2020, 2058, 2077, 2134, 2153, 2172, 2183]"
4,9,"[1906, 1925, 1963, 2009, 2028, 2039, 2115, 2191]"
4,10,"[1914, 1933, 1952, 1971, 1990, 2036, 2047, 2066, 2085, 2104, 2123, 2142, 2161, 2180]"
4,11,"[1922, 1941, 1960, 1998, 2017, 2055, 2074, 2093, 2169, 2188, 2199]"
4,12,"[1903, 1979, 2044, 2112, 2131, 2150, 2196]"
4,13,"[1911, 1930, 1949, 1968, 2006, 2025, 2063, 2082, 2120, 2158, 2177]"
4,14,"[1938, 1957, 1976, 1987, 2033, 2052, 2071, 2090, 2101, 2139, 2185]"
4,15,"[1900, 1919, 1965, 1984, 1995, 2014, 2060, 2098, 2109, 2128, 2166]"
4,16,"[1908, 1946, 2003, 2022, 2041, 2079, 2117, 2136, 2147, 2193]"
4,17,"[1927, 1973, 1992, 2068, 2087, 2155, 2174]"
4,18,"[1916, 1935, 1954, 2000, 2011, 2030, 2049, 2106, 2125, 2144, 2182]"
4,19,"[1905, 1924, 1981, 2019, 2038, 2057, 2076, 2095, 2133, 2152, 2163]"
4,20,"[1913, 1932, 1943, 1962, 2008, 2027, 2046, 2065, 2084, 2114, 2160, 2171, 2190]"
4,21,"[1951, 1970, 1989, 2122, 2141, 2179, 2198]"
4,22,"[1902, 1921, 1940, 1997, 2016, 2035, 2054, 2073, 2092, 2103, 2149, 2168, 2187]"
4,23,"[1929, 1948, 1959, 1978, 2024, 2062, 2081, 2130]"
4,24,"[1910, 1967, 1986, 2005, 2043, 2089, 2100, 2111, 2157, 2176, 2195]"
4,25,"[1937, 1956, 1975, 1994, 2013, 2032, 2070, 2108, 2119, 2138, 2184]"
4,26,"[1918, 1964, 2051, 2097, 2127, 2146, 2165]"
4,27,"[1945, 1983, 2002, 2021, 2040, 2059, 2078, 2116, 2173, 2192]"
4,28,"[1907, 1926, 1972, 1991, 2010, 2029, 2048, 2086, 2124, 2135, 2154]"
4,29,"[1904, 1915, 1934, 1953, 2037, 2056, 2067, 2105, 2143, 2162, 2181]"
4,30,"[1923, 1942, 1961, 1980, 1999, 2018, 2075, 2094, 2132, 2151, 2170, 2189, 2200]"
5,1,"[1912, 1988, 2026, 2045, 2064, 2113, 2197]"
5,2,"[1931, 1950, 1969, 2007, 2053, 2072, 2083, 2121, 2140, 2159, 2178]"
5,3,"[1901, 1920, 1939, 1958, 1977, 1996, 2034, 2091, 2102, 2148, 2186]"
5,4,"[1928, 1966, 1985, 2004, 2015, 2061, 2080, 2099, 2110, 2129, 2167]"
5,5,"[1909, 1947, 2023, 2042, 2088, 2118, 2137, 2156, 2194]"
5,6,"[1936, 1955, 1974, 1993, 2012, 2050, 2069, 2175]"
5,7,"[1917, 2001, 2020, 2031, 2096, 2107, 2126, 2145, 2164, 2183]"
5,8,"[1906, 1925, 1944, 1963, 1982, 2028, 2039, 2058, 2077, 2115, 2134, 2153, 2172]"
5,9,"[1914, 1933, 1952, 1990, 2009, 2047, 2066, 2085, 2142, 2161, 2180, 2191]"
5,10,"[1971, 2017, 2036, 2104, 2123, 2188, 2199]"
5,11,"[1903, 1922, 1941, 1960, 1998, 2055, 2074, 2093, 2112, 2150, 2169]"
5,12,"[1930, 1949, 1968, 1979, 2025, 2044, 2063, 2082, 2131, 2177, 2196]"
5,13,"[1911, 1957, 1976, 1987, 2006, 2052, 2090, 2101, 2120, 2158]"
5,14,"[1900, 1938, 1995, 2014, 2033, 2071, 2109, 2128, 2139, 2185]"
5,15,"[1919, 1965, 1984, 2060, 2079, 2098, 2147, 2166]"
5,16,"[1908, 1927, 1946, 1992, 2003, 2022, 2041, 2117, 2136, 2174, 2193]"
5,17,"[1916, 1954, 1973, 2011, 2030, 2049, 2068, 2087, 2106, 2125, 2144, 2155]"
5,18,"[1905, 1924, 1935, 2000, 2019, 2038, 2057, 2076, 2152, 2163, 2182]"
5,19,"[1943, 1962, 1981, 2095, 2114, 2133, 2171, 2190]"
5,20,"[1913, 1932, 1989, 2008, 2027, 2046, 2065, 2084, 2141, 2160, 2179, 2198]"
5,21,"[1921, 1940, 1951, 1970, 2016, 2054, 2073, 2092, 2103, 2122, 2168]"
5,22,"[1902, 1959, 1978, 1997, 2035, 2081, 2149, 2187]"
5,23,"[1929, 1948, 1967, 1986, 2005, 2024, 2043, 2062, 2100, 2111, 2130, 2176]"
5,24,"[1910, 1956, 2089, 2119, 2138, 2157, 2195]"
5,25,"[1918, 1937, 1975, 1994, 2013, 2032, 2051, 2070, 2108, 2165, 2184]"
5,26,"[1964, 1983, 2002, 2021, 2040, 2078, 2097, 2116, 2127, 2146]"
5,27,"[1907, 1926, 1945, 2010, 2029, 2048, 2059, 2135, 2154, 2173, 2192]"
5,28,"[1915, 1934, 1953, 1972, 1991, 2067, 2086, 2105, 2124, 2143, 2162, 2181]"
5,29,"[1904, 1980, 2018, 2037, 2056, 2189, 2200]"
5,30,"[1912, 1923, 1942, 1961, 1999, 2045, 2064, 2075, 2094, 2113, 2132, 2151, 2170]"
5,31,"[1931, 1950, 1969, 1988, 2026, 2072, 2083, 2140, 2178, 2197]"
6,1,"[1920, 1958, 1977, 1996, 2007, 2053, 2091, 2102, 2121, 2159]"
6,2,"[1901, 1939, 2015, 2034, 2080, 2110, 2129, 2148, 2167, 2186]"
6,3,"[1928, 1947, 1966, 1985, 2004, 2042, 2061, 2099, 2156, 2194]"
6,4,"[1909, 1974, 1993, 2012, 2023, 2088, 2118, 2137, 2175]"
6,5,"[1917, 1936, 1955, 2020, 2031, 2050, 2069, 2107, 2126, 2145, 2164]"
6,6,"[1906, 1925, 1944, 1982, 2001, 2039, 2058, 2077, 2096, 2134, 2153, 2172, 2183]"
6,7,"[1963, 2009, 2028, 2115, 2180, 2191]"
6,8,"[1914, 1933, 1952, 1990, 2036, 2047, 2066, 2085, 2104, 2142, 2161]"
6,9,"[1922, 1941, 1960, 1971, 2017, 2055, 2074, 2093, 2123, 2169, 2188, 2199]"
6,10,"[1903, 1949, 1968, 1979, 1998, 2044, 2082, 2112, 2131, 2150, 2196]"
6,11,"[1911, 1930, 1987, 2006, 2025, 2063, 2101, 2120, 2177]"
6,12,"[1938, 1957, 1976, 2033, 2052, 2071, 2090, 2139, 2158]"
6,13,"[1900, 1919, 1984, 1995, 2014, 2098, 2109, 2128, 2166, 2185]"
6,14,"[1908, 1946, 1965, 2003, 2022, 2041, 2060, 2079, 2117, 2136, 2147, 2193]"
6,15,"[1916, 1927, 1973, 1992, 2011, 2030, 2049, 2068, 2125, 2144, 2155, 2174]"
6,16,"[1935, 1954, 2000, 2087, 2106, 2163, 2182]"
6,17,"[1905, 1924, 1981, 2019, 2038, 2057, 2076, 2095, 2133, 2152, 2171]"
6,18,"[1913, 1932, 1943, 1962, 2008, 2046, 2065, 2084, 2114, 2160, 2190]"
6,19,"[1940, 1951, 1970, 1989, 2027, 2073, 2092, 2141, 2179, 2198]"
6,20,"[1921, 1959, 1978, 1997, 2016, 2035, 2054, 2103, 2122, 2168, 2187]"
6,21,"[1902, 1948, 2062, 2081, 2111, 2130, 2149]"
6,22,"[1910, 1929, 1967, 1986, 2005, 2024, 2043, 2100, 2157, 2176, 2195]"
6,23,"[1937, 1956, 1975, 1994, 2013, 2032, 2070, 2089, 2108, 2119, 2138]"
6,24,"[1918, 2002, 2021, 2040, 2051, 2097, 2127, 2146, 2165, 2184]"
6,25,"[1907, 1926, 1945, 1964, 1983, 2059, 2078, 2116, 2135, 2154, 2173, 2192]"
6,26,"[1972, 2010, 2029, 2048, 2124, 2181]"
6,27,"[1904, 1915, 1934, 1953, 1991, 2037, 2056, 2067, 2086, 2105, 2143, 2162, 2200]"
6,28,"[1923, 1942, 1961, 1980, 1999, 2018, 2064, 2075, 2094, 2132, 2151, 2170, 2189]"
6,29,"[1912, 1950, 1969, 1988, 2026, 2045, 2083, 2113, 2197]"
6,30,"[1931, 2007, 2072, 2102, 2121, 2140, 2159, 2178]"
7,1,"[1901, 1920, 1939, 1958, 1977, 1996, 2034, 2053, 2091, 2148, 2186]"
7,2,"[1966, 1985, 2004, 2015, 2061, 2080, 2099, 2110, 2129, 2167]"
7,3,"[1909, 1928, 1947, 1993, 2012, 2023, 2042, 2088, 2118, 2137, 2156, 2194]"
7,4,"[1917, 1936, 1974, 2031, 2050, 2069, 2126, 2145, 2164, 2175]"
7,5,"[1955, 2001, 2020, 2096, 2107, 2172, 2183]"
7,6,"[1906, 1925, 1944, 1963, 1982, 2028, 2039, 2058, 2077, 2134, 2153, 2191]"
7,7,"[1914, 1933, 1952, 2009, 2047, 2066, 2085, 2115, 2161, 2180]"
7,8,"[1941, 1960, 1971, 1990, 2036, 2055, 2074, 2093, 2104, 2123, 2142, 2188, 2199]"
7,9,"[1903, 1922, 1979, 1998, 2017, 2112, 2150, 2169]"
7,10,"[1930, 1949, 1968, 2025, 2044, 2063, 2082, 2131, 2196]"
7,11,"[1911, 1957, 1976, 1987, 2006, 2090, 2101, 2120, 2139, 2158, 2177]"
7,12,"[1900, 1938, 1995, 2014, 2033, 2052, 2071, 2109, 2128, 2185]"
7,13,"[1908, 1919, 1965, 1984, 2003, 2022, 2041, 2060, 2098, 2117, 2136, 2147, 2166]"
7,14,"[1927, 1946, 1992, 2079, 2155, 2174, 2193]"
7,15,"[1916, 1973, 2011, 2030, 2049, 2068, 2087, 2125, 2144, 2163, 2182]"
7,16,"[1905, 1924, 1935, 1954, 2000, 2019, 2038, 2057, 2076, 2106, 2152]"
7,17,"[1932, 1943, 1962, 1981, 2065, 2084, 2095, 2114, 2133, 2171, 2190]"
7,18,"[1913, 1951, 1970, 1989, 2008, 2027, 2046, 2160, 2179, 2198]"
7,19,"[1940, 2016, 2054, 2073, 2092, 2103, 2122, 2141]"
7,20,"[1902, 1921, 1959, 1978, 1997, 2035, 2081, 2149, 2168, 2187]"
7,21,"[1929, 1948, 1967, 1986, 2005, 2024, 2062, 2100, 2111, 2130, 2176]"
7,22,"[1910, 1956, 1994, 2013, 2032, 2043, 2089, 2108, 2119, 2138, 2157, 2195]"
7,23,"[1918, 1937, 1975, 2051, 2070, 2127, 2146, 2165, 2184]"
7,24,"[1964, 1983, 2002, 2021, 2040, 2078, 2097, 2116, 2154, 2173, 2192]"
7,25,"[1907, 1926, 1945, 2029, 2048, 2059, 2135]"
7,26,"[1915, 1934, 1953, 1972, 1991, 2010, 2056, 2067, 2086, 2124, 2143, 2162, 2181]"
7,27,"[1904, 1923, 1942, 1961, 1980, 2018, 2037, 2075, 2094, 2105, 2170, 2189, 2200]"
7,28,"[1999, 2045, 2064, 2113, 2132, 2151]"
7,29,"[1912, 1931, 1950, 1969, 1988, 2026, 2083, 2140, 2178, 2197]"
7,30,"[1920, 1958, 1977, 1996, 2007, 2053, 2072, 2091, 2102, 2121, 2159]"
7,31,"[1901, 1939, 1985, 2004, 2015, 2034, 2080, 2110, 2129, 2148, 2186]"
8,1,"[1909, 1928, 1966, 2023, 2042, 2061, 2099, 2118, 2137, 2156, 2167]"
8,2,"[1947, 1993, 2012, 2069, 2088, 2145, 2164, 2175, 2194]"
8,3,"[1917, 1936, 1955, 1974, 2020, 2031, 2050, 2107, 2126, 2183]"
8,4,"[1906, 1925, 1944, 1982, 2001, 2039, 2058, 2077, 2096, 2134, 2153, 2172]"
8,5,"[1933, 1952, 1963, 2028, 2047, 2066, 2085, 2115, 2180, 2191]"
8,6,"[1914, 1971, 1990, 2009, 2104, 2142, 2161, 2199]"
8,7,"[1922, 1941, 1960, 2017, 2036, 2055, 2074, 2093, 2123, 2169, 2188]"
8,8,"[1903, 1949, 1968, 1979, 1998, 2044, 2082, 2112, 2131, 2150, 2196]"
8,9,"[1930, 1976, 1987, 2006, 2025, 2063, 2101, 2120, 2177]"
8,10,"[1900, 1911, 1957, 1995, 2014, 2033, 2052, 2071, 2090, 2109, 2128, 2139, 2158]"
8,11,"[1919, 1938, 1984, 2147, 2166, 2185]"
8,12,"[1908, 1946, 1965, 2003, 2022, 2041, 2060, 2079, 2098, 2117, 2136, 2155, 2174, 2193]"
8,13,"[1916, 1927, 1992, 2011, 2030, 2049, 2068, 2144]"
8,14,"[1924, 1935, 1954, 1973, 2038, 2057, 2076, 2087, 2106, 2125, 2163, 2182]"
8,15,"[1905, 1943, 1962, 1981, 2000, 2019, 2095, 2133, 2152, 2171, 2190]"
8,16,"[1913, 1932, 2008, 2046, 2065, 2084, 2114, 2198]"
8,17,"[1940, 1951, 1970, 1989, 2027, 2073, 2092, 2122, 2141, 2160, 2179]"
8,18,"[1921, 1959, 1978, 1997, 2016, 2054, 2103, 2168]"
8,19,"[1902, 1948, 1986, 2005, 2024, 2035, 2081, 2100, 2111, 2130, 2149, 2187]"
8,20,"[1910, 1929, 1967, 2043, 2062, 2119, 2138, 2157, 2176, 2195]"
8,21,"[1956, 1975, 1994, 2013, 2032, 2070, 2089, 2108, 2146, 2165, 2184]"
8,22,"[1918, 1937, 2002, 2021, 2040, 2051, 2097, 2127]"
8,23,"[1907, 1926, 1945, 1964, 1983, 2048, 2059, 2078, 2116, 2135, 2154, 2173, 2192]"
8,24,"[1915, 1934, 1953, 1972, 2010, 2029, 2067, 2086, 2162, 2181]"
8,25,"[1991, 2037, 2056, 2105, 2124, 2143, 2200]"
8,26,"[1904, 1923, 1942, 1961, 1980, 1999, 2018, 2064, 2075, 2094, 2132, 2170, 2189]"
8,27,"[1912, 1950, 1969, 1988, 2045, 2083, 2113, 2151, 2197]"
8,28,"[1931, 1977, 1996, 2007, 2026, 2072, 2102, 2121, 2140, 2159, 2178]"
8,29,"[1901, 1920, 1939, 1958, 2015, 2034, 2053, 2091, 2110, 2129, 2148]"
8,30,"[1985, 2004, 2061, 2080, 2099, 2137, 2156, 2167, 2186]"
8,31,"[1909, 1928, 1947, 1966, 2012, 2023, 2042, 2118, 2175, 2194]"
9,1,"[1917, 1936, 1974, 1993, 2031, 2050, 2069, 2088, 2126, 2145, 2164]"
9,2,"[1906, 1925, 1944, 1955, 2001, 2020, 2039, 2058, 2077, 2096, 2107, 2153, 2172, 2183]"
9,3,"[1963, 1982, 2028, 2134, 2191]"
9,4,"[1914, 1933, 1952, 2009, 2047, 2066, 2085, 2115, 2161, 2180, 2199]"
9,5,"[1941, 1960, 1971, 1990, 2036, 2074, 2093, 2104, 2123, 2142, 2188]"
9,6,"[1922, 1968, 1979, 1998, 2017, 2055, 2112, 2169]"
9,7,"[1903, 1949, 1987, 2006, 2025, 2044, 2063, 2082, 2101, 2120, 2131, 2150, 2196]"
9,8,"[1911, 1930, 1976, 2090, 2139, 2158, 2177]"
9,9,"[1900, 1938, 1957, 1995, 2014, 2033, 2052, 2071, 2109, 2128, 2147, 2166, 2185]"
9,10,"[1908, 1919, 1965, 1984, 2003, 2022, 2041, 2060, 2098, 2136]"
9,11,"[1916, 1927, 1946, 2030, 2049, 2068, 2079, 2117, 2155, 2174, 2193]"
9,12,"[1935, 1954, 1973, 1992, 2011, 2087, 2125, 2144, 2163, 2182]"
9,13,"[1905, 1924, 2000, 2038, 2057, 2076, 2106, 2152, 2190]"
9,14,"[1932, 1943, 1962, 1981, 2019, 2065, 2084, 2095, 2114, 2133, 2171]"
9,15,"[1913, 1951, 1970, 1989, 2008, 2027, 2046, 2092, 2160, 2198]"
9,16,"[1940, 1978, 1997, 2016, 2073, 2103, 2122, 2141, 2179]"
9,17,"[1902, 1921, 1959, 2035, 2054, 2111, 2130, 2149, 2168, 2187]"
9,18,"[1929, 1948, 1967, 1986, 2005, 2024, 2062, 2081, 2100, 2138, 2176]"
9,19,"[1910, 1994, 2013, 2032, 2043, 2089, 2119, 2157, 2195]"
9,20,"[1918, 1937, 1956, 1975, 2021, 2040, 2051, 2070, 2108, 2127, 2146, 2165, 2184]"
9,21,"[1907, 1926, 1945, 1964, 2002, 2059, 2078, 2097, 2154, 2173, 2192]"
9,22,"[1983, 2029, 2048, 2116, 2135]"
9,23,"[1915, 1934, 1953, 1972, 1991, 2010, 2056, 2067, 2086, 2124, 2162, 2181, 2200]"
9,24,"[1904, 1942, 1961, 1980, 2037, 2075, 2094, 2105, 2143, 2189]"
9,25,"[1923, 1969, 1988, 1999, 2018, 2064, 2083, 2113, 2132, 2151, 2170]"
9,26,"[1912, 1931, 1950, 2007, 2026, 2045, 2102, 2121, 2140, 2178, 2197]"
9,27,"[1958, 1977, 1996, 2053, 2072, 2091, 2159]"
9,28,"[1901, 1920, 1939, 2004, 2015, 2034, 2110, 2129, 2148, 2167, 2186]"
9,29,"[1909, 1928, 1966, 1985, 2023, 2042, 2061, 2080, 2099, 2118, 2137, 2156]"
9,30,"[1917, 1936, 1947, 1993, 2012, 2031, 2050, 2069, 2088, 2145, 2164, 2175, 2194]"
10,1,"[1955, 1974, 2020, 2126, 2183]"
10,2,"[1906, 1925, 1944, 2001, 2039, 2058, 2077, 2096, 2107, 2153, 2172, 2191]"
10,3,"[1933, 1952, 1963, 1982, 2028, 2047, 2066, 2085, 2115, 2134, 2180]"
10,4,"[1914, 1960, 1971, 1990, 2009, 2093, 2104, 2161, 2199]"
10,5,"[1941, 1979, 1998, 2017, 2036, 2055, 2074, 2112, 2123, 2142, 2188]"
10,6,"[1903, 1922, 1968, 2082, 2131, 2150, 2169]"
10,7,"[1930, 1949, 1987, 2006, 2025, 2044, 2063, 2101, 2120, 2177, 2196]"
10,8,"[1900, 1911, 1957, 1976, 1995, 2014, 2033, 2052, 2090, 2109, 2128, 2139, 2158]"
10,9,"[1908, 1919, 1938, 1984, 2022, 2041, 2060, 2071, 2147, 2166, 2185]"
10,10,"[1927, 1946, 1965, 2003, 2079, 2098, 2117, 2136, 2155, 2174, 2193]"
10,11,"[1916, 1992, 2030, 2049, 2068, 2144, 2182]"
10,12,"[1924, 1935, 1954, 1973, 2011, 2057, 2076, 2087, 2106, 2125, 2163]"
10,13,"[1905, 1943, 1962, 1981, 2000, 2019, 2038, 2084, 2095, 2152, 2171, 2190]"
10,14,"[1932, 1970, 1989, 2008, 2046, 2065, 2114, 2133]"
10,15,"[1913, 1951, 2027, 2092, 2103, 2122, 2141, 2160, 2179, 2198]"
10,16,"[1921, 1940, 1959, 1978, 1997, 2016, 2054, 2073, 2168]"
10,17,"[1902, 1986, 2005, 2024, 2035, 2081, 2111, 2130, 2149, 2187]"
10,18,"[1910, 1929, 1948, 1967, 2013, 2032, 2043, 2062, 2100, 2119, 2138, 2157, 2176]"
10,19,"[1918, 1937, 1956, 1994, 2051, 2070, 2089, 2108, 2146, 2165, 2184, 2195]"
10,20,"[1975, 2021, 2040, 2127, 2192]"
10,21,"[1907, 1926, 1945, 1964, 1983, 2002, 2048, 2059, 2078, 2097, 2116, 2154, 2173]"
10,22,"[1934, 1953, 1972, 2029, 2067, 2086, 2135, 2181]"
10,23,"[1915, 1961, 1980, 1991, 2010, 2056, 2075, 2094, 2105, 2124, 2143, 2162, 2200]"
10,24,"[1904, 1923, 1942, 1999, 2018, 2037, 2113, 2132, 2170, 2189]"
10,25,"[1950, 1969, 1988, 2045, 2064, 2083, 2151]"
10,26,"[1912, 1931, 1977, 1996, 2007, 2026, 2102, 2121, 2140, 2178, 2197]"
10,27,"[1901, 1920, 1958, 2015, 2034, 2053, 2072, 2091, 2110, 2129, 2148, 2159]"
10,28,"[1909, 1928, 1939, 1985, 2004, 2023, 2042, 2061, 2080, 2137, 2156, 2167, 2186]"
10,29,"[1947, 1966, 2012, 2099, 2118, 2175, 2194]"
10,30,"[1917, 1936, 1993, 2031, 2050, 2069, 2088, 2145, 2164]"
10,31,"[1925, 1944, 1955, 1974, 2020, 2039, 2058, 2077, 2096, 2107, 2126, 2172, 2183]"
11,1,"[1906, 1952, 1963, 1982, 2001, 2085, 2153, 2191]"
11,2,"[1914, 1933, 1971, 1990, 2009, 2028, 2047, 2066, 2104, 2115, 2134, 2180, 2199]"
11,3,"[1960, 2074, 2093, 2123, 2142, 2161]"
11,4,"[1922, 1941, 1979, 1998, 2017, 2036, 2055, 2112, 2169, 2188]"
11,5,"[1903, 1949, 1968, 1987, 2006, 2025, 2044, 2082, 2101, 2120, 2131, 2150, 2196]"
11,6,"[1900, 1911, 1930, 1976, 2014, 2033, 2052, 2063, 2139, 2158, 2177]"
11,7,"[1919, 1938, 1957, 1995, 2071, 2090, 2109, 2128, 2147, 2166, 2185]"
11,8,"[1908, 1984, 2022, 2041, 2060, 2136]"
11,9,"[1916, 1927, 1946, 1965, 2003, 2049, 2068, 2079, 2098, 2117, 2155, 2174, 2193]"
11,10,"[1935, 1954, 1973, 1992, 2011, 2030, 2076, 2087, 2144, 2163, 2182]"
11,11,"[1924, 1962, 1981, 2000, 2038, 2057, 2095, 2106, 2125]"
11,12,"[1905, 1943, 2019, 2084, 2114, 2133, 2152, 2171, 2190]"
11,13,"[1913, 1932, 1951, 1970, 1989, 2008, 2046, 2065, 2160, 2198]"
11,14,"[1978, 1997, 2016, 2027, 2073, 2092, 2103, 2122, 2141, 2179]"
11,15,"[1902, 1921, 1940, 1959, 2024, 2035, 2054, 2111, 2130, 2149, 2168]"
11,16,"[1948, 1986, 2005, 2043, 2062, 2081, 2100, 2138, 2157, 2176, 2187]"
11,17,"[1910, 1929, 1967, 2013, 2032, 2119, 2195]"
11,18,"[1918, 1937, 1956, 1975, 1994, 2040, 2051, 2070, 2089, 2108, 2146, 2165, 2184]"
11,19,"[1926, 1945, 1964, 2021, 2059, 2078, 2097, 2127, 2173, 2192]"
11,20,"[1907, 1953, 1972, 1983, 2002, 2048, 2067, 2086, 2116, 2135, 2154]"
11,21,"[1915, 1934, 1991, 2010, 2029, 2105, 2124, 2162, 2181, 2200]"
11,22,"[1942, 1961, 1980, 2037, 2056, 2075, 2094, 2143, 2189]"
11,23,"[1904, 1923, 1969, 1988, 1999, 2018, 2113, 2132, 2170]"
11,24,"[1912, 1950, 2007, 2026, 2045, 2064, 2083, 2102, 2121, 2140, 2151, 2197]"
11,25,"[1931, 1977, 1996, 2015, 2034, 2053, 2072, 2129, 2148, 2159, 2178]"
11,26,"[1901, 1920, 1939, 1958, 2004, 2091, 2110, 2167, 2186]"
11,27,"[1909, 1928, 1985, 2023, 2042, 2061, 2080, 2099, 2137, 2156]"
11,28,"[1917, 1936, 1947, 1966, 2012, 2031, 2050, 2069, 2088, 2118, 2164, 2175, 2194]"
11,29,"[1955, 1974, 1993, 2077, 2096, 2145, 2183]"
11,30,"[1906, 1925, 1944, 1963, 2001, 2020, 2039, 2058, 2107, 2126, 2172, 2191]"
12,1,"[1952, 1982, 2066, 2085, 2115, 2134, 2153]"
12,2,"[1914, 1933, 1971, 1990, 2009, 2028, 2047, 2093, 2104, 2161, 2180, 2199]"
12,3,"[1941, 1960, 1979, 1998, 2017, 2036, 2074, 2112, 2123, 2142]"
12,4,"[1903, 1922, 1968, 2025, 2044, 2055, 2131, 2150, 2169, 2188]"
12,5,"[1949, 1987, 2006, 2063, 2082, 2101, 2120, 2139, 2158, 2177, 2196]"
12,6,"[1900, 1911, 1930, 1976, 2014, 2033, 2052, 2128]"
12,7,"[1908, 1919, 1938, 1957, 1995, 2041, 2060, 2071, 2090, 2109, 2147, 2166, 2185]"
12,8,"[1927, 1946, 1965, 1984, 2003, 2022, 2068, 2079, 2098, 2136, 2155, 2174, 2193]"
12,9,"[1916, 1992, 2030, 2049, 2087, 2117]"
12,10,"[1935, 1954, 1973, 2011, 2076, 2106, 2125, 2144, 2163, 2182]"
12,11,"[1905, 1924, 1943, 1962, 1981, 2000, 2038, 2057, 2095, 2190]"
12,12,"[1970, 1989, 2008, 2019, 2065, 2084, 2114, 2133, 2152, 2171]"
12,13,"[1913, 1932, 1951, 2027, 2046, 2092, 2103, 2122, 2141, 2160, 2198]"
12,14,"[1940, 1978, 1997, 2016, 2054, 2073, 2130, 2149, 2168, 2179]"
12,15,"[1902, 1921, 1959, 2005, 2024, 2035, 2111, 2187]"
12,16,"[1910, 1929, 1948, 1967, 1986, 2032, 2043, 2062, 2081, 2100, 2138, 2157, 2176]"
12,17,"[1918, 1937, 1956, 2013, 2051, 2070, 2089, 2119, 2165, 2184, 2195]"
12,18,"[1975, 1994, 2040, 2078, 2108, 2127, 2146, 2192]"
12,19,"[1907, 1926, 1945, 1964, 2002, 2021, 2059, 2097, 2116, 2154, 2173]"
12,20,"[1934, 1953, 1972, 1983, 2029, 2048, 2067, 2086, 2135]"
12,21,"[1915, 1980, 1991, 2010, 2094, 2105, 2124, 2162, 2181, 2200]"
12,22,"[1904, 1942, 1961, 1999, 2018, 2037, 2056, 2075, 2113, 2132, 2143, 2189]"
12,23,"[1923, 1969, 1988, 2064, 2140, 2151, 2170]"
12,24,"[1912, 1931, 1950, 1996, 2007, 2026, 2045, 2083, 2102, 2121, 2159, 2178, 2197]"
12,25,"[1901, 1920, 1977, 2015, 2034, 2053, 2072, 2091, 2129, 2148]"
12,26,"[1909, 1928, 1939, 1958, 2004, 2042, 2061, 2080, 2110, 2156, 2167, 2186]"
12,27,"[1947, 1966, 1985, 2023, 2099, 2137, 2175, 2194]"
12,28,"[1917, 1936, 1993, 2012, 2031, 2050, 2069, 2088, 2118, 2164]"
12,29,"[1944, 1955, 1974, 2058, 2077, 2096, 2126, 2145, 2183]"
12,30,"[1906, 1925, 1963, 1982, 2001, 2020, 2039, 2085, 2107, 2153, 2172, 2191]"
12,31,"[1933, 1952, 1971, 1990, 2009, 2028, 2066, 2104, 2115, 2134]"
